{
  "Reactions": [
    -3.5390019604267895,
    3.4952580524393437
  ],
  "Aggression": [
    -3.084185139133559,
    2.258829436662405
  ],
  "Dribbling": [
    -2.6552860363212147,
    2.2047929601988168
  ],
  "Interceptions": [
    -2.1399710615663605,
    2.203808646489804
  ],
  "Vision": [
    -2.921154555927002,
    2.818865917085835
  ],
  "Ball_Control": [
    -3.1277471808621717,
    2.1720506608100387
  ],
  "Marking": [
    -1.9024701634880579,
    2.0688298980834254
  ],
  "Composure": [
    -3.3365734754044243,
    2.7944214029395855
  ],
  "Crossing": [
    -2.3484134628308397,
    2.2202192471031825
  ],
  "Short_Pass": [
    -3.1887406953890394,
    2.22712996692846
  ],
  "Long_Pass": [
    -2.791001163290431,
    2.5834373167366373
  ],
  "Speed": [
    -3.8835712140990664,
    2.1064881932015718
  ],
  "Strength": [
    -3.635755447349777,
    2.3816531490521506
  ],
  "Curve": [
    -2.21590532518514,
    2.3994671449748304
  ],
  "Preferred_Foot_Left": [
    0,
    1
  ],
  "Preferred_Foot_Right": [
    0,
    1
  ]
}